url,artist,korean_title,english_title,description,artist_gender,hotness,cuteness,english_lyrics,subtitle,official,updated_at,views,Upvotes,Downvotes
https://www.youtube.com/watch?v=ASO_zypdnsQ&index=1,Psy,PSY - GENTLEMAN M/V ,Gentleman,,Male,7,0,4,0,1,,,,
https://www.youtube.com/watch?v=hfXZ6ydgZyo,EXID,[EXID(이엑스아이디)] '위아래' (UP&DOWN),Up & Down,,Female,6,0,1,0,1,,,,
https://www.youtube.com/watch?v=AAbokV76tkU&index=3,Big Bang,BIGBANG - FANTASTIC BABY M/V ,Fantastic Baby,,Male,9,0,0,0,1,,,,
https://www.youtube.com/watch?v=DMNcXwxQA7Q&index=4,Girls' Generation,Girls' Generation 소녀시대_'Mr.Mr.' Dance Practice ver. ,,,Female,7,0,3,0,1,,,,
https://www.youtube.com/watch?v=HkMNOlYcpHg&index=5,Psy,PSY - HANGOVER feat. Snoop Dogg M/V ,,,Male,6,0,6,0,1,,,,
https://www.youtube.com/watch?v=TGbwL8kSpEk&index=6,,Girls' Generation(소녀시대) _ Oh! _ MusicVideo ,,,Female,8,0,0,0,1,,,,
https://www.youtube.com/watch?v=TI0DGvqKZTI&index=7,,EXO-K_중독(Overdose)_Music Video ,,,Male,3,0,0,0,1,,,,
https://www.youtube.com/watch?v=m8MfJg68oCs&index=8,,[MV] BTS(방탄소년단) _ Boy In Luv(상남자) ,,,Male,3,0,0,1,1,,,,
https://www.youtube.com/watch?v=JFgv8bKfxEs&index=9,,Red Velvet 레드벨벳_행복(Happiness)_Music Video ,,,Female,6,7,0,0,1,,,,
https://www.youtube.com/watch?v=2eZHdYWhd-E&index=10,,Crayon Pop - Bar Bar Bar (Global Version) ,,,Female,2,8,3,0,1,,,,
https://www.youtube.com/watch?v=Y-FhDScM_2w&index=11,,소유(SoYou) X 정기고(JunggiGo) - 썸(Some) feat. 긱스 릴보이 (Lil Boi of Geeks) M/V ,,,Male,2,4,1,1,1,,,,
https://www.youtube.com/watch?v=SVgkNW2cENQ&index=12,,EXID _ Every night(매일밤) MV ,,,Female,7,1,1,0,1,,,,
https://www.youtube.com/watch?v=fqR2HGkjFCA&index=13,,GIRL'S DAY - EXPECTATION(기대해) DANCE VER ,,,Female,9,1,0,0,1,,,,
https://www.youtube.com/watch?v=8OAQ6RuYFGE&index=14,,BIGBANG - HARU HARU (하루하루) M/V ,,,Male,2,0,0,0,1,,,,
https://www.youtube.com/watch?v=cQ6xU7SSEn4&index=15,,"2NE1 - ""멘붕(MTBD)"" LIVE PERFORMANCE ",,,Mixed,5,0,0,0,1,,,,
https://www.youtube.com/watch?v=X6XXia5B2Wg&index=16,,SISTAR19(씨스타19) - Ma Boy Music Video ,,,Female,7,2,1,0,1,,,,
https://www.youtube.com/watch?v=tXV7dfvSefo&index=17,,버스커 버스커 (Busker Busker) - 벚꽃 엔딩 ,,,Male,0,7,0,0,1,,,,
https://www.youtube.com/watch?v=NCQpzHPYRUc&index=18,,스텔라 (Stellar) - 마리오네트 (Marionette) MV ,,,Female,9,0,0,0,1,,,,
https://www.youtube.com/watch?v=zEVd9pSG85Q&index=19,,2NE1 - FALLING IN LOVE M/V ,,,Female,5,2,3,0,1,,,,
https://www.youtube.com/watch?v=qIt6KCwlFPw&index=20,,TAEYANG - WEDDING DRESS M/V [HD] ,,,Male,1,0,2,0,1,,,,
https://www.youtube.com/watch?v=ouR4nn1G9r4&index=21,,"[MV] HIGH4, IU(하이포, 아이유) _ Not Spring, Love, or Cherry Blossoms(봄,사랑,벚꽃 말고) ",,,Mixed,0,7,1,1,1,,,,
https://www.youtube.com/watch?v=jeqdYqsrsA0&index=22,,IU (아이유) _ Good Day (좋은 날) _ MV ,,,Female,3,6,1,0,1,,,,
https://www.youtube.com/watch?v=doFK7Eanm3I&index=23,,G-DRAGON - 니가 뭔데 (WHO YOU?) M/V ,,,Male,0,2,0,0,0,,,,
https://www.youtube.com/watch?v=MCEcWcIww5k&index=24,,[MV] Ailee(에일리) _ I will show you(보여줄게) ,,,Female,7,3,0,1,1,,,,
https://www.youtube.com/watch?v=R1-BTf3_Mys&index=25,,AOA - 흔들려 (Confused) M/V ,,,Female,9,0,0,0,1,,,,
https://www.youtube.com/watch?v=MbdT7DIn1lM&index=26,,T-ARA - Cry Cry (Japanese ver.) ,,,Female,,,,,0,,,,
https://www.youtube.com/watch?v=H-IJWqIHioA&index=27,,4MINUTE - '이름이 뭐예요? (What's Your Name?)' (Official Music Video) ,,,,,,,,,,,,
https://www.youtube.com/watch?v=9Lk6lnTS5sU&index=28,,"2NE1 - ""너 아님 안돼 (GOTTA BE YOU)"" Dance Practice ",,,,,,,,,,,,
https://www.youtube.com/watch?v=MS1LUI0tpmo&index=29,,Dream High (드림하이 OST) HQ | Download ,,,,,,,,,,,,
https://www.youtube.com/watch?v=nWq4evFjYrU&index=30,,TAEYANG - YOU'RE MY/I NEED A GIRL M/V ,,,,,,,,,,,,
https://www.youtube.com/watch?v=pw540DtB5mM&index=31,,[MV] BTS(방탄소년단) _ No More Dream(노 모어 드림) ,,,,,,,,,,,,
https://www.youtube.com/watch?v=t3ULhmadHkg&index=32,,G-DRAGON - CRAYON (크레용) M/V ,,,,,,,,,,,,
https://www.youtube.com/watch?v=Z6FPJOgfCkc&index=33,,GIRLS`GENERATION 少女時代_GALAXY SUPERNOVA_Music Video Dance ver. ,,,,,,,,,,,,
https://www.youtube.com/watch?v=gyXy0m-4bvE&index=34,,[MV] NU'EST(뉴이스트) _ FACE(페이스) ,,,,,,,,,,,,
https://www.youtube.com/watch?v=7LP4foN3Xs4&index=35,,CL - 나쁜 기집애 (THE BADDEST FEMALE) M/V ,,,,,,,,,,,,
https://www.youtube.com/watch?v=0Oi8jDMvd_w&index=36,,Akdong Musician(AKMU) - 200% M/V ,,,,,,,,,,,,
https://www.youtube.com/watch?v=-W1PlGLvc_Y&index=37,,Roh Ji Hoon ft. HyunA - Maker [Han & Eng] ,,,,,,,,,,,,
https://www.youtube.com/watch?v=wUguw6cJkjU&index=38,,EXO-K - Lucky (Color Coded Hangul/Rom/Eng Lyrics) ,,,,,,,,,,,,
https://www.youtube.com/watch?v=j57IzkTFnT8&index=39,,G-DRAGON - THAT XX (그 XX) M/V ,,,,,,,,,,,,
https://www.youtube.com/watch?v=vdj6R-Etk3k&index=40,,EXO-K XOXO (Color Coded Hangul/Rom/Eng Lyrics) ,,,,,,,,,,,,
https://www.youtube.com/watch?v=WMPaEPRIs8g&index=41,,[HD/繁中字幕] Miss A(미스에이) - Goodbye Baby中文版 Music Video ,,,,,,,,,,,,
https://www.youtube.com/watch?v=ckIGhwQtd-c&index=42,,BEAST - '아름다운 밤이야 (Beautiful Night)' (Official Music Video) ,,,,,,,,,,,,
https://www.youtube.com/watch?v=yVLxRXoLaas&index=43,,EXO_12월의 기적 (Miracles in December)_Music Video (Korean ver.) ,,,,,,,,,,,,
https://www.youtube.com/watch?v=zVO5xTAbxm8&index=44,,[MV] GIRL'S DAY(걸스데이) _ Something (Dance ver.) ,,,,,,,,,,,,
https://www.youtube.com/watch?v=oL2AlXWVbKU&index=45,,SISTAR (씨스타) - Loving U (Music Video) HD ,,,,,,,,,,,,
https://www.youtube.com/watch?v=_VoSHt8zFNI&index=46,,방탄소년단 'N.O' dance practice ,,,,,,,,,,,,
https://www.youtube.com/watch?v=enrUVf_JTz8&index=47,,EXID _ WHOZ THAT GIRL ,,,,,,,,,,,,
https://www.youtube.com/watch?v=nJ31sMmytHU&index=48,,Davichi & T-ara(다비치&티아라) _ We were in love(우리 사랑했잖아) MV ,,,,,,,,,,,,
https://www.youtube.com/watch?v=KH6ZwnqZ7Wo&index=49,,EXO-K_MAMA_Music Video (Korean ver.) ,,,,,,,,,,,,
https://www.youtube.com/watch?v=JmM04_OgajU&index=50,,GIRLS' GENERATION-TTS_TWINKLE_Music Video ,,,,,,,,,,,,
https://www.youtube.com/watch?v=k3-BDy55tq4&index=51,,로이킴 (Roy Kim) - 봄봄봄 (BOM BOM BOM) MV ,,,,,,,,,,,,
https://www.youtube.com/watch?v=vGKeA3xUzxU&index=52,,[MV] Dalshabet(달샤벳) _ B.B.BI(비비비)(Big Baby Baby) ,,,,,,,,,,,,
https://www.youtube.com/watch?v=Ezqn0DV3dqk&index=53,,"[M/V] J.Y. Park (JYP 박진영) - ""너 뿐이야"" (You're the one) ",,,,,,,,,,,,
https://www.youtube.com/watch?v=rpYq1lSce1U&index=54,,PSY - KOREA M/V ,,,,,,,,,,,,
https://www.youtube.com/watch?v=83Yscg5vtVQ&index=55,,블락비 (Block B) - Jackpot MV ,,,,,,,,,,,,
https://www.youtube.com/watch?v=UxfjZRrPl2g&index=56,,[직캠] 헬로비너스 아라 팬티 노출 ,,,,,,,,,,,,
https://www.youtube.com/watch?v=NGe0hHvAGkc&index=57,,2NE1 - UGLY M/V ,,,,,,,,,,,,
https://www.youtube.com/watch?v=NJR8Inf77Ac&index=58,,IU(아이유) _ YOU&I(너랑 나) (Performance ver.) ,,,,,,,,,,,,
https://www.youtube.com/watch?v=Vn4800M68Ec&index=59,,Ailee「Heaven (Live ver.)」 ,,,,,,,,,,,,
https://www.youtube.com/watch?v=CWFB8HCQsu0&index=60,,EXID _ I Feel Good MV ,,,,,,,,,,,,
https://www.youtube.com/watch?v=zIRW_elc-rY&index=61,,BIGBANG & 2NE1 - LOLLIPOP M/V ,,,,,,,,,,,,
https://www.youtube.com/watch?v=JrBarZZ3tyE&index=62,,에일리(Ailee)_A's Doll House_U&I MV ,,,,,,,,,,,,
https://www.youtube.com/watch?v=r3yxxe66LXs&index=63,,Girls' Generation 소녀시대_Kissing you_MUSIC VIDEO ,,,,,,,,,,,,
https://www.youtube.com/watch?v=tAoME_aMm1w&index=64,,T.O.P - DOOM DADA M/V ,,,,,,,,,,,,
https://www.youtube.com/watch?v=AFnV7Y6iwrA&index=65,,2PM_하.니.뿐. (A.D.T.O.Y.)_M/V ,,,,,,,,,,,,
https://www.youtube.com/watch?v=JaAgc8LaY9A&index=66,,[엠카운트다운/M COUNTDOWN] 지연(JiYeon) - 1분 1초(1min 1sec) 2014.05.22 ,,,,,,,,,,,,
https://www.youtube.com/watch?v=cXcUXWL1mJA&index=67,,BTOB - WOW M/V ,,,,,,,,,,,,
https://www.youtube.com/watch?v=8kyG5tTZ1iE&index=68,,SHINee 샤이니_Sherlock•셜록 (Clue + Note)_Music Video ,,,,,,,,,,,,
https://www.youtube.com/watch?v=V7I7HbWtstY&index=69,,EXO-K - Don't Go (나비소녀) (Color Coded Hangul/Rom/Eng Lyrics) ,,,,,,,,,,,,
https://www.youtube.com/watch?v=aP2PILSAwLs&index=70,,[MV] HELLOVENUS 헬로비너스_끈적끈적(StickySticky) ,,,,,,,,,,,,
https://www.youtube.com/watch?v=2Cv3phvP8Ro&index=71,,BIGBANG - LIES (거짓말) M/V ,,,,,,,,,,,,
https://www.youtube.com/watch?v=K_2WE54qXwI&index=72,,A Pink - Hush (dance practice) DVhd ,,,,,,,,,,,,
https://www.youtube.com/watch?v=RTXmhKapmCI&index=73,,[MV]INFINITE_The Chaser_추격자 Dance Version ,,,,,,,,,,,,
https://www.youtube.com/watch?v=GCV_HNcyxZY&index=74,,HELLOVENUS Full Version MV 'Venus' ,,,,,,,,,,,,
https://www.youtube.com/watch?v=IKZEmLvYVF0&index=75,,BIGBANG - LOVE SONG M/V ,,,,,,,,,,,,
https://www.youtube.com/watch?v=eAmsTPSneJo&index=76,,ＩＵ - You & I (Japanese Version) ,,,,,,,,,,,,
https://www.youtube.com/watch?v=xXKIbTznuNk&index=77,,EXO - '上瘾' (Overdose) (EXO Ver.) (Official Audio) + DL ,,,,,,,,,,,,
https://www.youtube.com/watch?v=3fy4cqWMhyI&index=78,,Wonder Girls (원더걸스) - Be My Baby ,,,,,,,,,,,,
https://www.youtube.com/watch?v=aUiMaz4BNKw&index=79,,2NE1 - IT HURTS (아파) M/V ,,,,,,,,,,,,
https://www.youtube.com/watch?v=1fOG_wcV_oU&index=80,,4MINUTE - '거울아거울아 (Mirror Mirror)' (Official Music Video) ,,,,,,,,,,,,
https://www.youtube.com/watch?v=hgeAmF7bgoE&index=81,,SHINee 샤이니_Why So Serious?_Music Video ,,,,,,,,,,,,
https://www.youtube.com/watch?v=nPPKwg5eQ4o&index=82,,4 Minute - Hot Issue ,,,,,,,,,,,,
https://www.youtube.com/watch?v=wqHX9YmqeyQ&index=83,,[M/V]SS501 LOVEYA M/V ,,,,,,,,,,,,
https://www.youtube.com/watch?v=g0XpNvLWimo&index=84,,KARA(카라) - PANDORA(판도라) Music Video ,,,,,,,,,,,,
https://www.youtube.com/watch?v=C8T6771Sdj8&index=85,,G-DRAGON - COUP D'ETAT M/V ,,,,,,,,,,,,
https://www.youtube.com/watch?v=ASn0b9voJ5k&index=86,,(Thaisub) Hyorin 효린 - 안녕 (Hello/Goodbye) You Who Came From The Stars OST Part.4 ,,,,,,,,,,,,
https://www.youtube.com/watch?v=6cW9WjBTHU8&index=87,,GIRLS`GENERATION 少女時代_LOVE&GIRLS at UNIVERSAL STUDIOS JAPAN® ,,,,,,,,,,,,
https://www.youtube.com/watch?v=fKAi5cWHYDY&index=88,,Rainbow Blaxx(레인보우 블랙)-Cha Cha M/V ,,,,,,,,,,,,
https://www.youtube.com/watch?v=Q0xvVgKJxfs&index=89,,[MV] IU(아이유) _ The red shoes(분홍신) ,,,,,,,,,,,,
https://www.youtube.com/watch?v=kpgLNV1JPsU&index=90,,[MV/HQ] SS501 - Love Like This (네게로) ,,,,,,,,,,,,
https://www.youtube.com/watch?v=jYuP1ZiJSd0&index=91,,AOA - GET OUT ,,,,,,,,,,,,
https://www.youtube.com/watch?v=zIRW_elc-rY&index=92,,BIGBANG & 2NE1 - LOLLIPOP M/V ,,,,,,,,,,,,
https://www.youtube.com/watch?v=D2Ku1XJc-dE&index=93,,Super Junior-M_SWING_Music Video (CHN ver.) ,,,,,,,,,,,,
https://www.youtube.com/watch?v=7EZTUYwjWBs&index=94,,Wonder Girls (원더걸스) - Like this ,,,,,,,,,,,,
https://www.youtube.com/watch?v=vHzyD_djgoA&index=95,,INFINITE - Man in Love - MV - 인피니트 남자가 사랑할 때 Music Video ,,,,,,,,,,,,
https://www.youtube.com/watch?v=L7kaScuQ0KM&index=96,,"INFINITE ""Last Romeo"" Official MV ",,,,,,,,,,,,
https://www.youtube.com/watch?v=e6HQSh9w-kY&index=97,,SHINHWA's 11th THE CLASSIC 'This Love' Official Music Video ,,,,,,,,,,,,
https://www.youtube.com/watch?v=9BUiRQuVgaA&index=98,,[크레용팝 Crayon Pop] 어이 (Uh-ee) @인기가요 Inkigayo 140406 ,,,,,,,,,,,,
https://www.youtube.com/watch?v=e5KOIrBcwj8&index=99,,AOA - ELVIS M/V ,,,,,,,,,,,,
https://www.youtube.com/watch?v=CIVzQZ0tGvE&index=100,,Girls' Generation- Dear Mom lyrics [Eng. | Rom. | Han.] ,,,,,,,,,,,,
https://www.youtube.com/watch?v=Eqvd9CdcKvk&index=101,,2007.12.24 Paran 1st concert in japan - 그런 사람 또 없습니다.mp4 ,,,,,,,,,,,,
https://www.youtube.com/watch?v=G6JppjQSTh8&index=102,,HYUNA - 'CHANGE' (Official Music  Video) ,,,,,,,,,,,,
https://www.youtube.com/watch?v=kLyfHxNDeVM&index=103,,이효리 (Lee Hyori) - Bad Girls (배드 걸스) MV ,,,,,,,,,,,,
https://www.youtube.com/watch?v=JnJ38EBOSxY&index=104,,Kim Bo Kyung- Suddenly lyrics [Eng. | Rom. | Han.] ,,,,,,,,,,,,
https://www.youtube.com/watch?v=FLLlXJ6jUzc&index=105,,[M/V] PARK BOM - YOU AND I ,,,,,,,,,,,,
https://www.youtube.com/watch?v=DoZ1WseqDcU&index=106,,Don't Leave Don't Leave (Brown Eyes) Lyric Video ,,,,,,,,,,,,
https://www.youtube.com/watch?v=kNZ5t-nYThs&index=107,,GD&TOP High High (Lyrics) ,,,,,,,,,,,,
https://www.youtube.com/watch?v=_L0O1VJjh_A&index=108,,APINK (에이핑크) - I Don't Know MV (몰라요) ft. B2ST Kikwang ,,,,,,,,,,,,
https://www.youtube.com/watch?v=YiiqHq_kNnU&index=109,,"INFINITE ""Back"" Official MV ",,,,,,,,,,,,
https://www.youtube.com/watch?v=o3cV0Ew9edM&index=110,,[MV] Girls Generation (SNSD) & 2PM - Cabi Song (Caribbean Bay CF) ,,,,,,,,,,,,
https://www.youtube.com/watch?v=ki00FJhmP9s&index=111,,[MV] RAIN(비) _ LA SONG ,,,,,,,,,,,,
https://www.youtube.com/watch?v=EEEIN-mtN6c&index=112,,Girl's Day(걸스데이) _ Twinkle Twinkle(반짝반짝) MV ,,,,,,,,,,,,
https://www.youtube.com/watch?v=kRbIZtUS2Ag&index=113,,4MINUTE - 'HUH (Hit Your Heart)' (Official Music Video) ,,,,,,,,,,,,
https://www.youtube.com/watch?v=PvomRoIu2nU&index=114,,[FULL HD/REUP] Lee Hyori (이효리) - 10 Minutes [hangul + romanizations + eng sub] ,,,,,,,,,,,,
https://www.youtube.com/watch?v=QnAhnxmSNFw&index=115,,"[M/V]레인보우(Rainbow)Full HD ""A"" ",,,,,,,,,,,,
https://www.youtube.com/watch?v=s2EQm6WPMHs&index=116,,"[M/V]""カラ"" KARA  - MR. ",,,,,,,,,,,,
https://www.youtube.com/watch?v=e_Nz8t3vNo8&index=117,,Super Junior-M_BREAK DOWN_Music Video ,,,,,,,,,,,,
https://www.youtube.com/watch?v=jMdofhj9WKU&index=118,,"[M/V] 2PM ""I'll Be Back"" from Still 2:00pm ",,,,,,,,,,,,
https://www.youtube.com/watch?v=3Xolk2cFzlo&index=119,,T-ARA(티아라) _ Roly-Poly in Copacabana MV ,,,,,,,,,,,,
https://www.youtube.com/watch?v=IdFeKj798hU&index=120,,Super Junior 슈퍼주니어_SUPERMAN_MUSIC VIDEO ,,,,,,,,,,,,
https://www.youtube.com/watch?v=JbNp-88Gh1c&index=121,,Classic Kpop - 쿨 (Cool) - All For You + DL ,,,,,,,,,,,,
https://www.youtube.com/watch?v=ESpZx1XhBPk&index=122,,인피니트(Infinite) - 내꺼하자 ,,,,,,,,,,,,
https://www.youtube.com/watch?v=H6Kx_3DUUtU&index=123,,[WIN : WHO IS NEXT] Team A 'Just Another Boy' ,,,,,,,,,,,,
https://www.youtube.com/watch?v=7SHNn3xMKwA&index=124,,Kim Hyun Joong - Please Instrumental (Audio) ,,,,,,,,,,,,
https://www.youtube.com/watch?v=tyBTH3hCyWo&index=125,,[MV] Brown Eyed Girls(브라운아이드걸스) _ KILL BILL(킬빌) ,,,,,,,,,,,,
https://www.youtube.com/watch?v=1H4ViIioCAs&index=126,,"NS Yoon-G, (NS윤지) - If You Love Me  ft. Jay Park ",,,,,,,,,,,,
https://www.youtube.com/watch?v=zvoD25ygl7I&index=127,,Big Bang - 마지막 인사 Remix (Last Farewell) ,,,,,,,,,,,,
https://www.youtube.com/watch?v=3bRrGsNymUI&index=128,,TAEYANG - ONLY LOOK AT ME (나만 바라봐) M/V ,,,,,,,,,,,,
https://www.youtube.com/watch?v=v8Y3NL1KeNQ&index=129,,Lee Hyo Ri (이효리) - U-Go-Girl (유고걸) (With. 낯선) ,,,,,,,,,,,,
https://www.youtube.com/watch?v=5FK8tN5Vv3g&index=130,,EXO K - 피터팬 (Peter Pan) Color Coded Lyrics w/ pictures ,,,,,,,,,,,,
https://www.youtube.com/watch?v=Zy_sgB4EJB8&index=131,,RAINBOW(레인보우) - Tell Me Tell Me (텔미텔미) Music Video ,,,,,,,,,,,,
https://www.youtube.com/watch?v=iWMBJ6YAlss&index=132,,Infinite - Season 2 Full Album [Track Select] Click and Play ,,,,,,,,,,,,
https://www.youtube.com/watch?v=j7TYiyEhxdI&index=133,,KARA - LUPIN(루팡) ,,,,,,,,,,,,
https://www.youtube.com/watch?v=vuHc4tngADk&index=134,,에일리_저녁하늘 (Evening sky by Ailee@Mcountdown 2012.12.13) ,,,,,,,,,,,,
https://www.youtube.com/watch?v=1yvic9sAg64&index=135,,[M/V] JJ Project - BOUNCE ,,,,,,,,,,,,
https://www.youtube.com/watch?v=fPhfnAQGB0E&index=136,,보이프렌드 (BOYFRIEND) - 야누스 (JANUS) Music Video HD ,,,,,,,,,,,,
https://www.youtube.com/watch?v=GvTaLTTanJc&index=137,,Super Junior 슈퍼주니어_A-CHA_Music Video ,,,,,,,,,,,,
https://www.youtube.com/watch?v=6N72sYd8IR4&index=138,,SHINee- Stand By Me HD [Full] MV with subs ,,,,,,,,,,,,
https://www.youtube.com/watch?v=Q0xvVgKJxfs&index=139,,[MV] IU(아이유) _ The red shoes(분홍신) ,,,,,,,,,,,,
https://www.youtube.com/watch?v=didptMJxjpE&index=140,,2NE1 - HAPPY M/V ,,,,,,,,,,,,
https://www.youtube.com/watch?v=Cn4R8Y-hRfY&index=141,,TEEN TOP(틴탑) _ To You MV ,,,,,,,,,,,,
https://www.youtube.com/watch?v=ycfPplHCYWY&index=142,,IU & 2AM's Seulong - Nagging (engsub) live 100627 ,,,,,,,,,,,,
https://www.youtube.com/watch?v=xn8plMILPCY&index=143,,G-Dragon ft. Lydia Paek - R.O.D [MV/HD] ,,,,,,,,,,,,
https://www.youtube.com/watch?v=UmHdefsaL6I&index=144,,PSY - RIGHT NOW M/V ,,,,,,,,,,,,
https://www.youtube.com/watch?v=bKtvDv7eykg&index=145,,"[M/V] 2PM ""Heartbeat"" from 01:59PM ",,,,,,,,,,,,
https://www.youtube.com/watch?v=NB5jyYD2WEw&index=146,,2NE1 - HATE YOU M/V ,,,,,,,,,,,,
https://www.youtube.com/watch?v=V1AgYG8M-is&index=147,,"goodbye summer f(x) Krystal,Luna +EXO D.O 131224 ",,,,,,,,,,,,
https://www.youtube.com/watch?v=CoObTyYr814&index=148,,B1A4 - Lonely (없구나) (Full ver.) ,,,,,,,,,,,,
https://www.youtube.com/watch?v=zu0O4MgfeVg&index=149,,ss501스페셜앨범URMAN MV ,,,,,,,,,,,,
https://www.youtube.com/watch?v=dTwQYwe7ewE&index=150,,G-Dragon - The Leaders ft. Teddy and CL (Shine A Light Concert) ,,,,,,,,,,,,
https://www.youtube.com/watch?v=Dbxzh078jr4&index=151,,[MV] 성시경 _ Every Moment Of You(너의 모든 순간) (Original) (My Love From the Star(별에서 온 그대) OST) ,,,,,,,,,,,,
https://www.youtube.com/watch?v=_H7ZG7yk5Wo&index=152,,Girl's Day(걸스데이) _ Don't forget me(나를 잊지마요) MV ,,,,,,,,,,,,
https://www.youtube.com/watch?v=QUHmt5mnHOE&index=153,,GIRLS`GENERATION 少女時代 LOVE&GIRLS Dance ver. chipmunks ver ,,,,,,,,,,,,
https://www.youtube.com/watch?v=u9zyMu0xQlA&index=154,,[MP3] 3. SISTAR - No mercy. ,,,,,,,,,,,,
https://www.youtube.com/watch?v=VSAVsstaj4E&index=155,,[MV] Gain(가인) _ Fxxk U (Feat. Bumkey) ,,,,,,,,,,,,
https://www.youtube.com/watch?v=7_pyar0I3Rc&index=156,,SHINee 샤이니_Love like Oxygen(산소 같은 너)_MUSIC VIDEO ,,,,,,,,,,,,
https://www.youtube.com/watch?v=t9Fw13BFMVM&index=157,,Sung Si Kyung- On the street ,,,,,,,,,,,,
https://www.youtube.com/watch?v=JknI4Xw1kdQ&index=158,,"SUPER JUNIOR DONGHAE & EUNHYUK / 「Oppa, Oppa」ミュージックビデオ short.ver ",,,,,,,,,,,,
https://www.youtube.com/watch?v=fwN_Axs7pL4&index=159,,[MV] 9MUSES(나인뮤지스) _ Wild(와일드) ,,,,,,,,,,,,
https://www.youtube.com/watch?v=2Ti8EjR9W_w&index=160,,[MR Removed] KARA - Damaged Lady (숙녀가 못 돼) ,,,,,,,,,,,,
https://www.youtube.com/watch?v=DVpymhGpyIc&index=161,,SS501 - 널부르는 노래 Single 3rd ,,,,,,,,,,,,
https://www.youtube.com/watch?v=HTbC1UsBtek&index=162,,BEAST - '숨 (Breath)' (Official Music Video) ,,,,,,,,,,,,
https://www.youtube.com/watch?v=5mnKyBQ-6LU&index=163,,E.via - 오빠 랩 해도 돼? [Emz preview/parody] ,,,,,,,,,,,,
https://www.youtube.com/watch?v=Rf5bzsU367g&index=164,,[AUDIO] Rain/Bi - Rainism ,,,,,,,,,,,,
https://www.youtube.com/watch?v=mEuHsi6SVNE&index=165,,EXO-M - 3.6.5 (Chinese Version) (Color Coded Chinese/PinYin/Eng Lyrics) ,,,,,,,,,,,,
https://www.youtube.com/watch?v=Z37WOB7cf44&index=166,,B1A4 - BABY I'M SORRY (Full ver.) ,,,,,,,,,,,,
https://www.youtube.com/watch?v=qgtaSJ3PSMM&index=167,,BTOB - 뛰뛰빵빵 (Beep Beep) M/V ,,,,,,,,,,,,
https://www.youtube.com/watch?v=r6nmvJ7BcdA&index=168,,07 시간아  Time (Woohyun Solo) - Infinite ,,,,,,,,,,,,
https://www.youtube.com/watch?v=JRG_ZA0oPcA&index=169,,NU'EST(뉴이스트) _ Action MV ,,,,,,,,,,,,
https://www.youtube.com/watch?v=eB_h-0bTuEQ&index=170,,【K】「 Only Human 」(弾き語り)～ドラマ『1リットルの涙』主題歌～ （関根麻里と結婚した韓国人歌手Kとは･･･?） 1LitreOfTears 一公升的眼淚 ,,,,,,,,,,,,
https://www.youtube.com/watch?v=sl1U81q_vkY&index=171,,CNBLUE - LOVE M/V ,,,,,,,,,,,,
https://www.youtube.com/watch?v=Di2kFu8dTmk&index=172,,EXO-M - Black Pearl (Chinese Version) (Color Coded Chinese/PinYin/Eng Lyrics) ,,,,,,,,,,,,
https://www.youtube.com/watch?v=TffgCHSTpNI&index=173,,[Deleted Video] ,,,,,,,,,,,,
https://www.youtube.com/watch?v=gl4oLnad1f0&index=174,,레이디스 코드 (LADIES' CODE) - 예뻐 예뻐 (Pretty Pretty) MV ,,,,,,,,,,,,
https://www.youtube.com/watch?v=5lIvttm-qO8&index=175,,Big Bang - Hands Up (Full) ,,,,,,,,,,,,
https://www.youtube.com/watch?v=A1r55aEEbJw&index=176,,Love Rain OST  Because it's you Tiffany (SNSD) - [Sub. English-Español- Romanizacion karaoke] ,,,,,,,,,,,,
https://www.youtube.com/watch?v=pdgD1x59HdA&index=177,,NU'EST Hello Hello [ENG SUB + ROM + HAN] HD ,,,,,,,,,,,,
https://www.youtube.com/watch?v=S66XVYn6lnE&index=178,,[에일리 Ailee] - 노래가 늘었어 @인기가요 Inkigayo 140126 ,,,,,,,,,,,,
https://www.youtube.com/watch?v=r-IFaVVdSq8&index=179,,휘성 - 가슴 시린 이야기 (Feat. 용준형 Of Beast) (Audio) ,,,,,,,,,,,,
https://www.youtube.com/watch?v=fhSa-G6zEsA&index=180,,Seungri - Let's Talk About Love (ft. G-Dragon & Taeyang from BIGBANG) M/V ,,,,,,,,,,,,
https://www.youtube.com/watch?v=AoVt7Qe9t1s&index=181,,버즈-가시 ,,,,,,,,,,,,
https://www.youtube.com/watch?v=RJLfGhDHigo&index=182,,EXO Teaser 12_KAI & LAY ,,,,,,,,,,,,
https://www.youtube.com/watch?v=3vl7mydylwE&index=183,,kpop /부활-네버엔딩스토리/ Born again(復活BOO HWAL)-Never ending story (2002년) ,,,,,,,,,,,,
https://www.youtube.com/watch?v=lGSK20BlJC8&index=184,,FTISLAND - 좋겠어 (I wish) (HD Full Ver.) ,,,,,,,,,,,,
https://www.youtube.com/watch?v=NPqtL1dtrlA&index=185,,[MV] BESTie(베스티) _ Love Options(연애의 조건) ,,,,,,,,,,,,
https://www.youtube.com/watch?v=BS3BYJYhEk4&index=186,,[MV] BESTie(베스티) _ THANK U VERY MUCH(땡큐 베리 머치) ,,,,,,,,,,,,
https://www.youtube.com/watch?v=403ezTArPRk&index=187,,IU- Someday with lyrics (Dream High OST) ,,,,,,,,,,,,
https://www.youtube.com/watch?v=pjnEeYAn4SQ&index=188,,Mnet [엠카운트다운] 엑소(EXO) - 월광(Moonlight) + 중독(Overdose) @M COUNTDOWN 2014.06.05 ,,,,,,,,,,,,
https://www.youtube.com/watch?v=EIfNNasC_qs&index=189,,EXO-K - 첫 눈 (First Snow) (Color Coded Hangul/Rom/Eng Lyrics) ,,,,,,,,,,,,
https://www.youtube.com/watch?v=04FdisNU3vw&index=190,,Girl's Day(걸스데이) _ Oh! My God MV ,,,,,,,,,,,,
https://www.youtube.com/watch?v=domZqapx0FI&index=191,,東方神起 / Rising Sun ,,,,,,,,,,,,
https://www.youtube.com/watch?v=h1zOhQQpw6U&index=192,,U-KISS(유키스) _ 0330 MV ,,,,,,,,,,,,
https://www.youtube.com/watch?v=zKWJtr8iXkE&index=193,,Sung Si Kyung - 너는 나의 봄이다 You are my spring (2011.10) ,,,,,,,,,,,,
https://www.youtube.com/watch?v=JJbRAaDuT04&index=194,,2NE1- '살아 봤으면 해 (IF I WERE YOU)' 0330 SBS Inkigayo ,,,,,,,,,,,,
https://www.youtube.com/watch?v=m5Dm6zx1yzc&index=195,,Dal★Shabet - Dal★Shabet (feat. Bigtone) ,,,,,,,,,,,,
https://www.youtube.com/watch?v=KnVvWfUpBI0&index=196,,IU (아이유) - Rain Drop @ Bunkamura Orchard Hall 2012 ,,,,,,,,,,,,
https://www.youtube.com/watch?v=JXxGo1MvNls&index=197,,BEAST - 'SHOCK' (Official Music Video) ,,,,,,,,,,,,
https://www.youtube.com/watch?v=E4yzhCIZulM&index=198,,블락비 (Block B) - 빛이 되어줘 (Be The Light) MV ,,,,,,,,,,,,
https://www.youtube.com/watch?v=NIPtyAKxlRs&index=199,,에픽하이(Epik high) - 우산 (Feat. 윤하) ,,,,,,,,,,,,
https://www.youtube.com/watch?v=ZrDJD3o5avU&index=200,,BoA-One Dream (Feat. Henry Of SJ-M & Key Of SHINee) ,,,,,,,,,,,,
https://www.youtube.com/watch?v=h97jt1XtnGQ&index=201,,4MINUTE - 'Heart to Heart' (Official Music Video) ,,,,,,,,,,,,
https://www.youtube.com/watch?v=EQXYx5D9v2A&index=202,,[Vietsub][MV]BTOB - Insane {360kpop.com} ,,,,,,,,,,,,
https://www.youtube.com/watch?v=mGkcJ9E2HBQ&index=203,,EXO-K - Black Pearl (Color Coded Hangul/Rom/Eng Lyrics) ,,,,,,,,,,,,
https://www.youtube.com/watch?v=YXiLkrSft1w&index=204,,휘성 (Whee Sung) - 결혼까지 생각했어 (Even thought of marriage) MV ,,,,,,,,,,,,
https://www.youtube.com/watch?v=ypit0NcNV-8&index=205,,PARK BOM - DON'T CRY M/V ,,,,,,,,,,,,
https://www.youtube.com/watch?v=DIDYpFGDBDI&index=206,,[MV] RAIN(비) _ 30SEXY ,,,,,,,,,,,,
https://www.youtube.com/watch?v=ro0d717tejg&index=207,,TAEYANG - WHERE U AT M/V [HD] ,,,,,,,,,,,,
https://www.youtube.com/watch?v=tGVkgZcqYKs&index=208,,"Trouble Maker - Attention, 트러블 메이커 - 이리와, Show Champion 20131030 ",,,,,,,,,,,,
https://www.youtube.com/watch?v=1DzbsTMu9Eo&index=209,,엠블랙(MBLAQ) - 전쟁이야(This is War) ,,,,,,,,,,,,
https://www.youtube.com/watch?v=khE7pSOgDbA&index=210,,BTOB - 스릴러 (Thriller) M/V ,,,,,,,,,,,,
https://www.youtube.com/watch?v=h-3V0FwPzes&index=211,,RAINBOW(레인보우) - SUNSHINE(선샤인) M/V ,,,,,,,,,,,,
https://www.youtube.com/watch?v=AdUQM6Z_pi4&index=212,,少女時代 SNSD x BABY G  korean girls ly ,,,,,,,,,,,,
https://www.youtube.com/watch?v=srQmPq41oiI&index=213,,Lee Seung Gi (이승기) - 되돌리다 Return (숲 Forest Mini Album) ,,,,,,,,,,,,
https://www.youtube.com/watch?v=8QZo5Ji43u8&index=214,,SEUNGRI - WHAT CAN I DO (어쩌라고) M/V ,,,,,,,,,,,,
https://www.youtube.com/watch?v=sG1Ok0PiBks&index=215,,네스티네스티(NASTY NASTY) - 노크(KNOCK) 안무영상 ,,,,,,,,,,,,
https://www.youtube.com/watch?v=04XW7-GfjVQ&index=216,,Ladies' Code(레이디스 코드) - I'm Fine Thank You ,,,,,,,,,,,,
https://www.youtube.com/watch?v=MwlKalNwGdk&index=217,,NU'EST(뉴이스트)_HELLO(여보세요)MV ,,,,,,,,,,,,
https://www.youtube.com/watch?v=ac4e7PRl_Ec&index=218,,BoA 보아_그런 너 (Disturbance)_Music Video ,,,,,,,,,,,,
https://www.youtube.com/watch?v=J5ekB4l-6wg&index=219,,2NE1 - DON'T STOP THE MUSIC (Yamaha 'Fiore' CF Theme Song) M/V ,,,,,,,,,,,,
https://www.youtube.com/watch?v=mrwnL62HObI&index=220,,G-DRAGON - 미치GO M/V ,,,,,,,,,,,,
https://www.youtube.com/watch?v=0a30I4CEkgc&index=221,,2AM - ONE SPRING DAY LYRICS ,,,,,,,,,,,,
https://www.youtube.com/watch?v=V5EBc2hRVSM&index=222,,"[HOT] FIESTAR - I Don't Know, 피에스타 - 아무것도 몰라요, Show Music core 20131109 ",,,,,,,,,,,,
https://www.youtube.com/watch?v=dXPKLLCNs5A&index=223,,"Boyfriend - I Yah, 보이프렌드 - 아이야, Music Core 20130112 ",,,,,,,,,,,,
https://www.youtube.com/watch?v=ReyRdXsqlrE&index=224,,TEEN TOP(틴탑) _ Be ma girl(나랑 사귈래?) MV ,,,,,,,,,,,,
https://www.youtube.com/watch?v=1OSmITtaX3o&index=225,,After school(애프터스쿨) _ Shampoo MV ,,,,,,,,,,,,
https://www.youtube.com/watch?v=nW8UW4yAKEU&index=226,,U-KISS(유키스) NEVERLAND Dance Full ver. ,,,,,,,,,,,,
https://www.youtube.com/watch?v=I191r0eLdc4&index=227,,[MV] 9MUSES(나인뮤지스) _ Glue(글루) ,,,,,,,,,,,,
https://www.youtube.com/watch?v=tSpYw5zSINg&index=228,,[MV] AOORA(아우라) - 나쁜손(Body Talk) (Feat. demian) ,,,,,,,,,,,,
https://www.youtube.com/watch?v=ypit0NcNV-8&index=229,,PARK BOM - DON'T CRY M/V ,,,,,,,,,,,,
https://www.youtube.com/watch?v=yBIs4B8Kj5Q&index=230,,윤도현의 러브레터  연예인.이승기 ,,,,,,,,,,,,
https://www.youtube.com/watch?v=f5ShDNOqq1E&index=231,,NAUL(나얼) _ Memory Of The Wind(바람기억) MV ,,,,,,,,,,,,
https://www.youtube.com/watch?v=mzYM9QKKWSg&index=232,,[MV] IU (아이유) - '하루 끝' (Every End of the Day) [HD] ,,,,,,,,,,,,
https://www.youtube.com/watch?v=UJKOFMUGq2E&index=233,,LEE HI (이하이) - IT'S OVER M/V ,,,,,,,,,,,,
https://www.youtube.com/watch?v=TSV5-cw5_0w&index=234,,휘성 - 사랑해 ,,,,,,,,,,,,
https://www.youtube.com/watch?v=qGWZUtfV3IU&index=235,,IU(아이유) _ Only I didn't know(나만 몰랐던 이야기) (IU ver.) _ MV ,,,,,,,,,,,,
https://www.youtube.com/watch?v=TH6_UNrhN-U&index=236,,TAEYANG - Wedding Dress English Version By JReyez Re-Edited ,,,,,,,,,,,,
https://www.youtube.com/watch?v=T3uVjZZewXM&index=237,,110715 김종국 (Kim Jong Gook) - 한 남자 (One Man) ,,,,,,,,,,,,
https://www.youtube.com/watch?v=YljMLVIOgW0&index=238,,130124 - 나인뮤지스[Nine Muses] - 쳐다만 봐 + 돌스 [Just looking + Dolls] ,,,,,,,,,,,,
https://www.youtube.com/watch?v=pIqkDBsSJOw&index=239,,Brown Eyed Girls (브라운아이드걸스) _ Sixth Sense _ MV ,,,,,,,,,,,,
https://www.youtube.com/watch?v=bjTEMBB-mjY&index=240,,BIGBANG - WE BELONG TOGETHER M/V ,,,,,,,,,,,,
https://www.youtube.com/watch?v=4Q5SHKO79uA&index=241,,성시경(Sung Si-Kyung) - 두사람(Two people) ,,,,,,,,,,,,
https://www.youtube.com/watch?v=dBR0oEUIoGI&index=242,,"[M/V] miss A(미쓰에이) ""Love Alone""(러브얼론) ",,,,,,,,,,,,
https://www.youtube.com/watch?v=CqBAVQOkui0&index=243,,다이나믹듀오(Dynamic Duo)_죽일놈(Guilty) ,,,,,,,,,,,,
https://www.youtube.com/watch?v=fj-857Q_zEU&index=244,,Girls' Generation 소녀시대_Time Machine_Music Video (JPN ver.) ,,,,,,,,,,,,
https://www.youtube.com/watch?v=LSstFlmns-c&index=245,,H.o.t. Candy (GoodQuality) ,,,,,,,,,,,,
https://www.youtube.com/watch?v=MAJ6Xk9bnew&index=246,,2NE1 - FOLLOW ME (날 따라해봐요) M/V ,,,,,,,,,,,,
https://www.youtube.com/watch?v=ZrdNZUUHt60&index=247,,[MV] Gain(가인) _ Truth or Dare(진실 혹은 대담) ,,,,,,,,,,,,
https://www.youtube.com/watch?v=kyoghOpNseY&index=248,,애즈원 - 원하고 원망하죠 ,,,,,,,,,,,,
https://www.youtube.com/watch?v=QR6Uz4J8XEs&index=249,,Psy - 놀아 보자 ,,,,,,,,,,,,
https://www.youtube.com/watch?v=6UyMeMyJ2yg&index=250,,[MV] NU'EST(뉴이스트) _ Sleep Talking(잠꼬대) ,,,,,,,,,,,,
https://www.youtube.com/watch?v=byAJFo8CdAY&index=251,,[MV] NC.A (앤씨아) _ My student teacher(교생쌤) (Drama ver.) ,,,,,,,,,,,,
https://www.youtube.com/watch?v=7zuoNuI4fHQ&index=252,,BTOB - 두 번째 고백 (2nd Confession) M/V ,,,,,,,,,,,,
https://www.youtube.com/watch?v=tgCdm8G3WdA&index=253,,헬로비너스_차 마실래? (Would you like tea? by HELLOVENUS@Mcountdown 2013.5.2) ,,,,,,,,,,,,
https://www.youtube.com/watch?v=8cqw0OoeElw&index=254,,[HD] 29 Orange Caramel - 아잉♡ (Aing ♡) + Magic Girl - Super Visual 01 ,,,,,,,,,,,,
https://www.youtube.com/watch?v=P_E0J2WIfw0&index=255,,U-KISS 'Believe' M/V Full ver.(고화질) ,,,,,,,,,,,,
https://www.youtube.com/watch?v=1AI7UP1iRAU&index=256,,LEE HI (이하이) - 1.2.3.4 M/V ,,,,,,,,,,,,
https://www.youtube.com/watch?v=OSSwkhYoyXw&index=257,,BTS (Bangtan Boys) - Coffee Color Coded Lyrics [ENG/ROM/HAN] ,,,,,,,,,,,,
https://www.youtube.com/watch?v=YT8f9XkxefU&index=258,,[ETC] ORANGE CARAMEL(오렌지캬라멜) '아빙아빙(Abing abing)'_Dance Only ,,,,,,,,,,,,
https://www.youtube.com/watch?v=d_AwyTp9qb0&index=259,,U-KISS 'Stop Girl' M/V Color Full ver. ,,,,,,,,,,,,
https://www.youtube.com/watch?v=fK-e9rSD71M&index=260,,Second Confession ,,,,,,,,,,,,
https://www.youtube.com/watch?v=WruayckJTMY&index=261,,"Turbo - My childhood dream, 터보 - 나 어릴적 꿈, MBC Top Music 19951124 ",,,,,,,,,,,,
https://www.youtube.com/watch?v=4nTVjsi18OU&index=262,,After School - Because of You MV (HD) ,,,,,,,,,,,,
https://www.youtube.com/watch?v=9vIZT-aIUKc&index=263,,빅스(VIXX) - 대.다.나.다.너 (G.R.8.U) ◀◀ Official Music Video ,,,,,,,,,,,,
https://www.youtube.com/watch?v=mPXaR2s7Y90&index=264,,김현중 (Kim Hyun Joong) - Unbreakable (Feat. 박재범 Jay Park) MV ,,,,,,,,,,,,
https://www.youtube.com/watch?v=JgoHQJQ1ORY&index=265,,Kim Sung Kyu(김성규) _ 60Sec (60초) MV ,,,,,,,,,,,,
https://www.youtube.com/watch?v=fJEn29QUwZ0&index=266,,S.M. THE BALLAD Vol.2 (에스엠 더 발라드)_숨소리 (BREATH)_Music Video (KOR ver.) ,,,,,,,,,,,,
https://www.youtube.com/watch?v=WtejPavxK7o&index=267,,BEAST - 'How To Love' (Official Music Video) ,,,,,,,,,,,,
https://www.youtube.com/watch?v=1w9ZxL9Z2Og&index=268,,EXO-M - Baby (第一步) (Color Coded Chinese/PinYin/Eng Lyrics) ,,,,,,,,,,,,
https://www.youtube.com/watch?v=u-bQGzy3Eo0&index=269,,[M/V]SS501 - Single3rd DEJAVU ,,,,,,,,,,,,
https://www.youtube.com/watch?v=gPZlqFT-N9g&index=270,,G-Dragon - This Love (Remix) ,,,,,,,,,,,,
https://www.youtube.com/watch?v=_cz_rKhU2vM&index=271,,Wa$$up - Wa$$up(와썹) ,,,,,,,,,,,,
https://www.youtube.com/watch?v=rdTVb64pfMs&index=272,,TVXQ!(동방신기) _ Balloons (풍선) _ MusicVideo ,,,,,,,,,,,,
https://www.youtube.com/watch?v=weIiaA-h4pk&index=273,,INFINITE She's Back 뮤직비디오.wmv ,,,,,,,,,,,,
https://www.youtube.com/watch?v=Y0ciaYedC8Q&index=274,,Girls' Generation 소녀시대_Lost In Love 유리아이_KBS Yoo Hee-Yeol's Sketchbook_2013.01.18 ,,,,,,,,,,,,
https://www.youtube.com/watch?v=LZgChCQktxY&index=275,,크레용팝(Crayonpop) - Saturday Night MV ,,,,,,,,,,,,
https://www.youtube.com/watch?v=jxxoq7uqnbU&index=276,,Orange Caramel(오렌지캬라멜) _ Shanghai Romance(샹하이 로맨스) (上海之戀) MV ,,,,,,,,,,,,
https://www.youtube.com/watch?v=DST5IaPEv8g&index=277,,레이디스 코드 (LADIES' CODE) - 나쁜 여자 (Bad Girl) MV ,,,,,,,,,,,,
https://www.youtube.com/watch?v=iTVfJ1j7o-A&index=278,,시크릿 (Secret) _ 별빛달빛 (Starlight Moonlight) MV ,,,,,,,,,,,,
https://www.youtube.com/watch?v=M9medBE7GD4&index=279,,[k-pop] 타히티 폰넘버 M/V영상 - TAHITI Phone Number_M/V ,,,,,,,,,,,,
https://www.youtube.com/watch?v=UL4xVMtXP8k&index=280,,[M/V] MaBoy2 (Feat. 효린 of Sistar) - 일렉트로보이즈 Electroboyz ,,,,,,,,,,,,
https://www.youtube.com/watch?v=J06ptq4OVbA&index=281,,BEAST - 'I'm Sorry' (Official Music Video) ,,,,,,,,,,,,
https://www.youtube.com/watch?v=GFDPZx9u_ns&index=282,,After School - BANG! [HD] ,,,,,,,,,,,,
https://www.youtube.com/watch?v=cagHIKnPx-A&index=283,,성시경 - 희재 ,,,,,,,,,,,,
https://www.youtube.com/watch?v=_lj1Kokkd7g&index=284,,[HD] Insooni(인순이) - Dear Friend(친구여) [Simply K-pop] ,,,,,,,,,,,,
https://www.youtube.com/watch?v=iL0GjKdVqZk&index=285,,"[SBS]최파타, 그리워해요, 2NE1 라이브 ",,,,,,,,,,,,
https://www.youtube.com/watch?v=0tVe-60aQ5Q&index=286,,달샤벳 (Dal★shabet) - Mr. BangBang ,,,,,,,,,,,,
https://www.youtube.com/watch?v=SenkemTrZMQ&index=287,,MBLAQ(엠블랙) - 모나리자(MONA LISA) M/V ,,,,,,,,,,,,
https://www.youtube.com/watch?v=r47fPJgn_90&index=288,,2NE1 - Let's Go Party ,,,,,,,,,,,,
https://www.youtube.com/watch?v=nErmg131wKI&index=289,,Girls' Generation-TTS 소녀시대-태티서_'Diamond'_KBS MUSIC BANK Year End Special_2014.12.19 ,,,,,,,,,,,,
https://www.youtube.com/watch?v=Y4mH2KvzUQ0&index=290,,[MV] Eddy Kim(에디킴) _ The Manual(너 사용법) ,,,,,,,,,,,,
https://www.youtube.com/watch?v=HkYGUQgkFUc&index=291,,EXO-K 너의 세상으로 (Angel) Music Video ,,,,,,,,,,,,
https://www.youtube.com/watch?v=AjEjDdYWYsg&index=292,,"[HQ-MV] "" 둘이서(Two of us)- 채연(Chae-Yeon) ",,,,,,,,,,,,
https://www.youtube.com/watch?v=BIDpKtzwEnE&index=293,,Kim Jong Kook - Today More Than Yesterday Eng Sub ,,,,,,,,,,,,
https://www.youtube.com/watch?v=7WINyXmPRAE&index=294,,IU(아이유) _ Hey(있잖아) (Rock Ver.) _ MV (SD) ,,,,,,,,,,,,
https://www.youtube.com/watch?v=HYuUWBv69C8&index=295,,[k-pop] 타히티 러브시크 M/V영상 - TAHITI Love Sick_M/V ,,,,,,,,,,,,
https://www.youtube.com/watch?v=BFPTLiKMXRg&index=296,,Minecraft Style Remix - Approaching Nirvana ,,,,,,,,,,,,
https://www.youtube.com/watch?v=Mm8k6d3iMi8&index=297,,[K-POP♩1998년] 엄정화 (Uhm JungHwa) - 초대 MV ,,,,,,,,,,,,
https://www.youtube.com/watch?v=ACTGGln3SG0&index=298,,安心亞 - 呼呼 官方完整MV (Official Music Video) ,,,,,,,,,,,,
https://www.youtube.com/watch?v=5Md-1QmGTCo&index=299,,Girls Generation (SNSD) - Etude (English Subbed) ,,,,,,,,,,,,
https://www.youtube.com/watch?v=yGO84ZoYXts&index=300,,Secret(시크릿) _ Love is MOVE(사랑은 MOVE) MV ,,,,,,,,,,,,
https://www.youtube.com/watch?v=cflHBQmVitc&index=301,,김현중(Kim Hyun Joong) - Break Down (feat. Double K) ,,,,,,,,,,,,
https://www.youtube.com/watch?v=Jp4Tfu_t3qo&index=302,,2PM [이 노래를 듣고 돌아와] @SBS Inkigayo 인기가요 20130519 ,,,,,,,,,,,,
https://www.youtube.com/watch?v=B3RijPHfozI&index=303,,"PSY ""Night"" (feat. Park Mi Kyung) ",,,,,,,,,,,,
https://www.youtube.com/watch?v=vz7Gstx5ogk&index=304,,BoA(보아)_HURRICANE VENUS_뮤직비디오(MusicVideo) ,,,,,,,,,,,,
https://www.youtube.com/watch?v=vnEHiMVgEII&index=305,,[MV]INFINITE H Special Girl(feat. Bumkey) ,,,,,,,,,,,,
https://www.youtube.com/watch?v=kzvxuDCFXXY&index=306,,Girl's Day(걸스데이) _ One More(한번만 안아줘) MV ,,,,,,,,,,,,
https://www.youtube.com/watch?v=rc-cHSzK5-U&index=307,,BIGBANG - LA-LA-LA M/V ,,,,,,,,,,,,
https://www.youtube.com/watch?v=7NrETrB3Zk8&index=308,,Super Junior - Rockstar ~ Lyrics on screen [Eng. || Rom. || Han.] ,,,,,,,,,,,,
https://www.youtube.com/watch?v=mHjBPEsY_vQ&index=309,,I Love You' ATHENA OST - TAEYEON - Music Video ,,,,,,,,,,,,
https://www.youtube.com/watch?v=STzGgHiag_0&index=310,,엠블랙(MBLAQ)  - Oh Yeah ,,,,,,,,,,,,
https://www.youtube.com/watch?v=Ls_PPnrg09I&index=311,,Lee Seung Gi - Losing My Mind Lyrics ,,,,,,,,,,,,
https://www.youtube.com/watch?v=pB4920B2l5g&index=312,,"[M/V] 2PM ""Without U"" from DON'T STOP CAN'T STOP ",,,,,,,,,,,,
https://www.youtube.com/watch?v=HSv_xvOGm2U&index=313,,【繁體中字】少女時代 Girls' Generation (SNSD) -  Everyday Love (橫濱FREE LIVE) ,,,,,,,,,,,,
https://www.youtube.com/watch?v=8pin-6JrdHY&index=314,,G-DRAGON - BREATHE M/V ,,,,,,,,,,,,
https://www.youtube.com/watch?v=ZpMScAlOzHo&index=315,,Dasoni(다소니)_Good Bye MV ,,,,,,,,,,,,
https://www.youtube.com/watch?v=BVDpb8u7bGM&index=316,,Wheesung- Incurable Disease ,,,,,,,,,,,,
https://www.youtube.com/watch?v=7oBfZAgBZJA&index=317,,김건모 - 아름다운 이별 (1995年) ,,,,,,,,,,,,
https://www.youtube.com/watch?v=8fHERLFv-FU&index=318,,BoA 보아_The Shadow_Music Video ,,,,,,,,,,,,
https://www.youtube.com/watch?v=GNubowPDcUE&index=319,,"T-ARA - ""Apple Is A"" (Fan Edited Version) ",,,,,,,,,,,,
https://www.youtube.com/watch?v=skbnuIhVQUA&index=320,,보아(BoA)_아틀란티스 소녀_뮤직비디오(MusicVideo) ,,,,,,,,,,,,
https://www.youtube.com/watch?v=zSCkhDWCGY8&index=321,,사랑한다는 흔한 말 - 김연우 ,,,,,,,,,,,,
https://www.youtube.com/watch?v=1RD0262URJc&index=322,,EXO - Growl (Korean ver.) MV [English subs + Romanization + Hangul] HD ,,,,,,,,,,,,
https://www.youtube.com/watch?v=QybWuHNPQeU&index=323,,"코요태 - 순정 (LIVE, 1999年) ",,,,,,,,,,,,
https://www.youtube.com/watch?v=I7LY8xGvbl0&index=324,,2AM - Mirage - (eng&rom) ,,,,,,,,,,,,
https://www.youtube.com/watch?v=zDTsf5xw3Kg&index=325,,SEUNGRI - STRONG BABY M/V ,,,,,,,,,,,,
https://www.youtube.com/watch?v=X9t36BuL7bI&index=326,,Finkl - Like Indian Doll ,,,,,,,,,,,,
https://www.youtube.com/watch?v=-MpwMiN1wnU&index=327,,정인 - 오르막길 live 120627 리모콘 ,,,,,,,,,,,,
https://www.youtube.com/watch?v=iZqst5cgc3Q&index=328,,[K-pop 2011]  Kan Mi Youn (간미연) - Paparazzi (파파라치) ft. Eric (에릭) ,,,,,,,,,,,,
https://www.youtube.com/watch?v=NqYWgqkiVuM&index=329,,KARA Hara - Secret Love (INSTRUMENTAL) ,,,,,,,,,,,,
https://www.youtube.com/watch?v=Bonbjm9vCwA&index=330,,sg워너비 - 살다가 ,,,,,,,,,,,,
https://www.youtube.com/watch?v=F33MXHCiVUg&index=331,,2011 BIGSHOW_ BIGBANG_ Tonight ,,,,,,,,,,,,
https://www.youtube.com/watch?v=5EDsUyxi7rw&index=332,,[MV] IU- You and I ,,,,,,,,,,,,
https://www.youtube.com/watch?v=zQXbUnOu1VE&index=333,,VIXX - Light Up The Darkness (어둠 속을 밝혀줘) [Hangul/Romanization/English] Color & Picture Coded HD ,,,,,,,,,,,,
https://www.youtube.com/watch?v=1DzbsTMu9Eo&index=334,,엠블랙(MBLAQ) - 전쟁이야(This is War) ,,,,,,,,,,,,
https://www.youtube.com/watch?v=qVAzkdrMI2E&index=335,,TEEN TOP(틴탑) _ Supa Luv MV ,,,,,,,,,,,,
https://www.youtube.com/watch?v=WzNfZ7hxkTw&index=336,,"Tae-yeon - Missing you like crazy, 태연 - 미치게 보고싶은, Music Core 20120428 ",,,,,,,,,,,,
https://www.youtube.com/watch?v=a3bgxXKimGA&index=337,,SHINee 샤이니_Colorful_Music Video ,,,,,,,,,,,,
https://www.youtube.com/watch?v=Mc8fhAZ6vvc&index=338,,성시경 - 안녕 나의 사랑 ,,,,,,,,,,,,
https://www.youtube.com/watch?v=SK3q9C4lAmg&index=339,,"[k-pop] 타히티 3번째 싱글 ""오빤내꺼"" 뮤직비디오 ",,,,,,,,,,,,
https://www.youtube.com/watch?v=hr4kHlT3_YE&index=340,,유승준 열정 라이브 ,,,,,,,,,,,,
https://www.youtube.com/watch?v=nS-P9AHW4uQ&index=341,,SE7EN- 내가 노래를 못해도 (When I Can't Sing) lyrics [Eng. | Rom. | Han.] ,,,,,,,,,,,,
https://www.youtube.com/watch?v=FCQS29zXqpA&index=342,,"DJ. DOC - Dances with DOC, DJ. DOC - DOC와 함께 춤을, MBC Top Music 19970913 ",,,,,,,,,,,,
https://www.youtube.com/watch?v=uTB_2OfZMrk&index=343,,BTOB - 그 입술을 뺏었어(Irresistible Lips) M/V ,,,,,,,,,,,,
https://www.youtube.com/watch?v=MshaMeqrHMA&index=344,,SNSD - Wake Up ,,,,,,,,,,,,
https://www.youtube.com/watch?v=5mvb7Z8NKVY&index=345,,이승기(Lee Seung Gi) ft Bizniz - 결혼해 줄래 ,,,,,,,,,,,,
https://www.youtube.com/watch?v=cYSKoLOFGvQ&index=346,,조성모(Jo Sung Mo) -To Heaven ,,,,,,,,,,,,
https://www.youtube.com/watch?v=pa_4sT4oihM&index=347,,[Kim Soo Hyun] In Front Of Your House (너의 집 앞) YWCFTS OST (Hangul/Romanized/English Sub) Lyrics ,,,,,,,,,,,,
https://www.youtube.com/watch?v=lvvgcBTz16c&index=348,,[MP3] 03. SECRET - Madonna (Japanese Album Version) ,,,,,,,,,,,,
https://www.youtube.com/watch?v=kzvxuDCFXXY&index=349,,Girl's Day(걸스데이) _ One More(한번만 안아줘) MV ,,,,,,,,,,,,
https://www.youtube.com/watch?v=f1cZ2uzxCjI&index=350,,보이프렌드(BOYFRIEND) - 내 여자 손대지마 MUSIC VIDEO(Don't touch my girl) ,,,,,,,,,,,,
https://www.youtube.com/watch?v=FHuO8h68bEU&index=351,,"[Comeback Stage] G.NA - G.Na's Secret, 지나 - 예쁜 속옷, Show Music core 20140517 ",,,,,,,,,,,,
https://www.youtube.com/watch?v=Dwm7IlPO1Uo&index=352,,GLAM(글램) _ I Like That MV ,,,,,,,,,,,,
https://www.youtube.com/watch?v=pVETN_AkvIA&index=353,,Super Junior - H.I.T [Han & Eng] ,,,,,,,,,,,,
https://www.youtube.com/watch?v=XIgxZCPzt5w&index=354,,낭만고양이 -- 체리필터 ,,,,,,,,,,,,
https://www.youtube.com/watch?v=U7qJMC5TLV8&index=355,,[MV] T-ARA(티아라) _ Lie(거짓말) (Part.1) ,,,,,,,,,,,,
https://www.youtube.com/watch?v=hmTJSBW0d8Y&index=356,,Classic Kpop - 엄정화 - Poison + DL ,,,,,,,,,,,,
https://www.youtube.com/watch?v=xkexs7_aUjQ&index=357,,Super Junior-M 슈퍼주니어-M_Super Girl(슈퍼걸)_MUSIC VIDEO KOREAN Ver. ,,,,,,,,,,,,
https://www.youtube.com/watch?v=yWnWEKZJohg&index=358,,"IU - 미아 (Missing Child, Mia) '' { Eng Sub|Romanized|Hangul } ",,,,,,,,,,,,
https://www.youtube.com/watch?v=oO1MLXNoIt8&index=359,,E ViaOppa! XXX ,,,,,,,,,,,,
https://www.youtube.com/watch?v=vN3dXeRVefE&index=360,,Tae Yang - you're my [BACK STAGE] ,,,,,,,,,,,,
https://www.youtube.com/watch?v=tSLs1B1bDIw&index=361,,BoA 보아_My Name_MUSIC VIDEO ,,,,,,,,,,,,
https://www.youtube.com/watch?v=6_0pNPXM5H8&index=362,,Stupid Liar - Big Bang [Full Audio] ,,,,,,,,,,,,
https://www.youtube.com/watch?v=r5MM2iI8-58&index=363,,윤하(Younha) _ 비밀번호 486(Password 486) MV ,,,,,,,,,,,,
https://www.youtube.com/watch?v=cGerRw_lsPE&index=364,,베스티 (BESTie) - 니가 필요해 (I Need You) OFFICIAL INSTRUMENTAL ,,,,,,,,,,,,
https://www.youtube.com/watch?v=KUh3gZBxNOk&index=365,,김동률 & 이소은 기적 ,,,,,,,,,,,,
https://www.youtube.com/watch?v=XAC5KRMyiQk&index=366,,TVXQ! 동방신기_Humanoids_Music Video ,,,,,,,,,,,,
https://www.youtube.com/watch?v=QMoHffImedM&index=367,,U-Kiss (유키스) - Standing Still Official Instrumental ,,,,,,,,,,,,
https://www.youtube.com/watch?v=B_3GgvcE48Y&index=368,,Eric Nam(에릭남) _ Heaven's Door(천국의 문) MV ,,,,,,,,,,,,
https://www.youtube.com/watch?v=i_XfXnFAUbA&index=369,,김예림 (Lim Kim) - All Right MV ,,,,,,,,,,,,
https://www.youtube.com/watch?v=fE32X0Ci7WE&index=370,,Jang Wooyoung 장우영 (2PM) - Sexy Lady ,,,,,,,,,,,,
https://www.youtube.com/watch?v=PpkKMO6Xr8Q&index=371,,BTOB - 사랑밖에 난 몰라 (Lover Boy) M/V ,,,,,,,,,,,,
https://www.youtube.com/watch?v=VqrHdwBIoOI&index=372,,엠블랙(MBLAQ) - Stay MV ,,,,,,,,,,,,
https://www.youtube.com/watch?v=h-GhkCWuihA&index=373,,박진영(J.Y. Park)_놀만큼 놀아봤어(Had enough parties)_M/V ,,,,,,,,,,,,
https://www.youtube.com/watch?v=PIRhEH3pUwg&index=374,,김건모혼자만의 사랑 ,,,,,,,,,,,,
https://www.youtube.com/watch?v=Db_--Wkk-8Q&index=375,,After School 'First Love' mirrored Dance Practice ,,,,,,,,,,,,
https://www.youtube.com/watch?v=rAc1HfI_uW0&index=376,,[DL] Shinhwa (신화) - Wild Eyes ,,,,,,,,,,,,
https://www.youtube.com/watch?v=cpAPckoPhs0&index=377,,[HQ+LYRICS+DL] Chitty Chitty Bang Bang (Feat by Ceejay of Freshboyz) - 이효리  (Lee Hyori) ,,,,,,,,,,,,
https://www.youtube.com/watch?v=0ZukHxqOA0o&index=378,,IU(아이유) _ Lost Child(미아) _ MV ,,,,,,,,,,,,
https://www.youtube.com/watch?v=T_66evRrl_U&index=379,,Kris & Chanyeol - Two Moons - EXO SHOWCASE in Seoul - HD ,,,,,,,,,,,,
https://www.youtube.com/watch?v=GM49b5KAhFk&index=380,,티아라_ 낮과 밤 (LOVE ALL by T-ara @Mcountdown 2012.09.06) ,,,,,,,,,,,,
https://www.youtube.com/watch?v=6qHRay2bv8I&index=381,,Super Junior-M_太完美_MUSIC VIDEO_Korea Ver_.mp4 ,,,,,,,,,,,,
https://www.youtube.com/watch?v=HW2XztPkGRo&index=382,,[中字] EXO-M 蝴蝶少女(Don't go) 認聲版 ,,,,,,,,,,,,
https://www.youtube.com/watch?v=aSb4OnUmEug&index=383,,SPEED 스피드 - '놀리러 간다(Don't tease me!)'_안무영상 ,,,,,,,,,,,,
https://www.youtube.com/watch?v=4Hn5g8hFOOw&index=384,,"Pretty Boys - Taemin, Jaejoong, Jinyoung, Himchan, Luhan, Kikwang, Ren, L and more ",,,,,,,,,,,,
https://www.youtube.com/watch?v=yCSfaHeIinE&index=385,,[MV] T-ARA & THE SEE YA & 5DOLLS & SPEED(티아라 & 더 씨야 & 파이브돌스 & 스피드) _ Painkiller(진통제) ,,,,,,,,,,,,
https://www.youtube.com/watch?v=a4u-uwY3HYk&index=386,,[MV] Huh Gak- The Person Who Once Loved Me (HD- 1080p) ,,,,,,,,,,,,
https://www.youtube.com/watch?v=WaEfLIIF66Q&index=387,,세븐_내가 노래를 못해도(When I Can't Sing by SE7EN)@Mcountdown_2012.03.01) ,,,,,,,,,,,,
https://www.youtube.com/watch?v=N3SyAxZB_5E&index=388,,Super Junior- 언젠가는 (Someday) lyrics [Eng. | Rom. | Han.] ,,,,,,,,,,,,
https://www.youtube.com/watch?v=M_ZEMyJzplM&index=389,,SNSD (소녀 시대) - Snowy Wish Lyrics ,,,,,,,,,,,,
https://www.youtube.com/watch?v=2h5K6LbngJ0&index=390,,SNSD- Express 999 Lyrics (English/Romanization) ,,,,,,,,,,,,
https://www.youtube.com/watch?v=3Ser9z2bxGA&index=391,,BIGBANG - Somebody To Love (Korean Ver.) [HD] FanMV ,,,,,,,,,,,,
https://www.youtube.com/watch?v=KfCljel3grc&index=392,,Dynamic Duo (ft. 정인) - 고백 (Go Back) ,,,,,,,,,,,,
https://www.youtube.com/watch?v=563_fWlDxhg&index=393,,2AM - 잘못했어 (I Was Wrong) [Han & Eng] ,,,,,,,,,,,,
https://www.youtube.com/watch?v=cWRwAaUM1Mc&index=394,,시크릿 (Secret) - Magic M/V ,,,,,,,,,,,,
https://www.youtube.com/watch?v=W7FILQnKR9E&index=395,,씨스타 (Sistar) [Soyou] - 한번만 (Just Once) [Empress Ki OST Part 4] ,,,,,,,,,,,,
https://www.youtube.com/watch?v=eMwn51TfmsY&index=396,,Sistar 씨스타 - 니까짓게 Instrumental (Third Mini Album How Dare You) + Download Link ,,,,,,,,,,,,
https://www.youtube.com/watch?v=07M_2RUYovU&index=397,,[HQ+MP3 Download] Top of the World - Big Bang ,,,,,,,,,,,,
https://www.youtube.com/watch?v=6sKorE7ZzB8&index=398,,Classic Kpop - 터보 (Turbo) - Love Is... (3+3=0) + DL ,,,,,,,,,,,,
https://www.youtube.com/watch?v=2Vj7nkZrwF0&index=399,,Girls Generation - stay girls [Sub Esp + Jap + Rom] ,,,,,,,,,,,,
https://www.youtube.com/watch?v=d4rxjociSXs&index=400,,[Deleted Video] ,,,,,,,,,,,,
https://www.youtube.com/watch?v=YTpHIjz26oo&index=401,,신화 (SHINWHA) - Brand New ,,,,,,,,,,,,
https://www.youtube.com/watch?v=DZmZmI2ZU9I&index=402,,150208 - SNSD Taeyeon Fashion Ep 3 ,,,,,,,,,,,,
https://www.youtube.com/watch?v=aLpHo-XAp7s&index=403,,소녀시대-태티서_Baby Steps(Baby Steps by Girls' Generation-TTS@Mcountdown_2012.05.03) ,,,,,,,,,,,,
https://www.youtube.com/watch?v=DecmeXi86us&index=404,,"김현중 ""LUCKY GUY"" Full Ver. ",,,,,,,,,,,,
https://www.youtube.com/watch?v=za1CXuPhBFk&index=405,,SNSD (소녀시대) - Boys & Girls (화성인 바이러스) ft. Key (SHINee) ,,,,,,,,,,,,
https://www.youtube.com/watch?v=M34E65Hg39Q&index=406,,VIXX - 태어나줘서 고마워 ,,,,,,,,,,,,
https://www.youtube.com/watch?v=3nKx6vt0Ky8&index=407,,[HD] After School - Ah [LYRICS] [AUDIO] ,,,,,,,,,,,,
https://www.youtube.com/watch?v=itWT4clW5qk&index=408,,sueña conmigo / chicas buenas - Roxy Pop (letra) ,,,,,,,,,,,,
https://www.youtube.com/watch?v=gJBUGRDadj8&index=409,,Fin.K.L - Forever Love (1999) ,,,,,,,,,,,,
https://www.youtube.com/watch?v=BsVcX7kPxQE&index=410,,"Park Jin-young - I have a girlfriend, 박진영 - 난 여자가 있는데, Music Camp 20010707 ",,,,,,,,,,,,
https://www.youtube.com/watch?v=zaorfAkeQgI&index=411,,[MV] SECRET(시크릿) _ I DO I DO ,,,,,,,,,,,,
https://www.youtube.com/watch?v=sF2iiXv-4jI&index=412,,Yoo Seung Jun (유승준) - Na Na Na (나나나) ,,,,,,,,,,,,
https://www.youtube.com/watch?v=tgfuaDS-S2c&index=413,,[MV] Gary(개리)(LeeSSang) _ Shower Later(조금 이따 샤워해) (Feat. Crush(크러쉬)) ,,,,,,,,,,,,
https://www.youtube.com/watch?v=li0asJQPN70&index=414,,[MV] KAHI(가희) _ It's ME (잇츠 미) (Feat. Dumbfoundead) ,,,,,,,,,,,,
https://www.youtube.com/watch?v=NE2wEsQINKU&index=415,,100%- REAL 100% INTRO [AUDIO] ,,,,,,,,,,,,
https://www.youtube.com/watch?v=QT4fRKguwO0&index=416,,Brown Eyed Girls LOVE MV ,,,,,,,,,,,,
https://www.youtube.com/watch?v=1uk5iYZOgp4&index=417,,[日本語字幕] Kim Jong Kook(김종국) - Loveable(사랑스러워) ,,,,,,,,,,,,
https://www.youtube.com/watch?v=FvOay4ZfxU4&index=418,,잃어버린 우산 Lost Umbrella - 이수영 Lee Soo Young ,,,,,,,,,,,,
https://www.youtube.com/watch?v=_k0GsfWrNh0&index=419,,G-DRAGON - BUTTERFLY M/V ,,,,,,,,,,,,
https://www.youtube.com/watch?v=rz8zZs09Rfk&index=420,,효린(HYOLYN) - LONELY(론리) Music Video ,,,,,,,,,,,,
https://www.youtube.com/watch?v=RzSAO8op0ow&index=421,,[MV] MYNAME(마이네임) _ Baby i'm sorry(베이비 아임 소리) ,,,,,,,,,,,,
https://www.youtube.com/watch?v=34M9CywHXLM&index=422,,2NE1 - Good to You [Rom.|Eng.] ,,,,,,,,,,,,
https://www.youtube.com/watch?v=yaUlkl3LSN0&index=423,,ROSSA TAKKAN BERPALING DARIMU | VC Trinity ,,,,,,,,,,,,
https://www.youtube.com/watch?v=Huu3H5ei_-8&index=424,,이효리 (Lee Hyori) - 미스코리아 (Miss Korea) MV ,,,,,,,,,,,,
https://www.youtube.com/watch?v=1cKc1rkZwf8&index=425,,PSY - IT'S ART (예술이야) M/V ,,,,,,,,,,,,
https://www.youtube.com/watch?v=ig3ThrTLtFM&index=426,,SHINee Dazzling Girl (Limited Version B) Unboxing ,,,,,,,,,,,,
https://www.youtube.com/watch?v=M2DZ4M9PtIg&index=427,,"061125 MKMF SuperJuniorU, 나같은건없는건가요Don't Go Away, Miracle ",,,,,,,,,,,,
https://www.youtube.com/watch?v=S76f3AoCtNQ&index=428,,이승기 Lee Seung Gi - 잘가요 Farewell ,,,,,,,,,,,,
https://www.youtube.com/watch?v=jBxW22JLUmg&index=429,,Visual Dreams (Intel Collaboration Song) _ MusicVideo ,,,,,,,,,,,,
https://www.youtube.com/watch?v=AWtwkrGpp4w&index=430,,IU(아이유) _ Last Fantasy MV ,,,,,,,,,,,,
https://www.youtube.com/watch?v=YdplddDAbf4&index=431,,IU (아이유) - 복숭아 (PEACH) English Translation+Lyrics (New Song 2012) ,,,,,,,,,,,,
https://www.youtube.com/watch?v=gS9igZcnKSU&index=432,,정인 Jung In '미워요 I Hate You' ,,,,,,,,,,,,
https://www.youtube.com/watch?v=x4eVFXT9eIw&index=433,,김종국(Kim Jong Kook) - 남자가 다 그렇지 뭐(Men Are All Like That) ,,,,,,,,,,,,
https://www.youtube.com/watch?v=VCC4XQj4aUc&index=434,,[MV] Kiss&Cry(키스&크라이) _ Domino Game(도미노 게임) ,,,,,,,,,,,,
https://www.youtube.com/watch?v=JhY1abeZ4ec&index=435,,Wish ur my love with LYRICS [TMAX & J BOF OST 2] ,,,,,,,,,,,,
https://www.youtube.com/watch?v=slT80EySpKk&index=436,,IU(아이유) _ marshmallow(마쉬멜로우) _ MV (SD) ,,,,,,,,,,,,
https://www.youtube.com/watch?v=Uw6PfBLOW74&index=437,,Seeya Davichi T-ara - 여성시대 ,,,,,,,,,,,,
https://www.youtube.com/watch?v=2Flsa621Aiw&index=438,,Kim Jong Kook（김종국） feat. Gary and  Haha  【너에게 하고 싶은 말】 ,,,,,,,,,,,,
https://www.youtube.com/watch?v=FRQ1LjL_Xzk&index=439,,[M/V] J.Y. Park (JYP 박진영) - 다른 사람 품에 안겨서 (Someone else) Duet with Gain ,,,,,,,,,,,,
https://www.youtube.com/watch?v=fswpGIFmddo&index=440,,성시경 그대 내맘에 들어오면은 ,,,,,,,,,,,,
https://www.youtube.com/watch?v=U6_DZ6rOquI&index=441,,[eng sub]PSY - 뜨거운 안녕(Passionate Goodbye) feat 성시경(sung si kyung) ,,,,,,,,,,,,
https://www.youtube.com/watch?v=tOOhXvjSSwI&index=442,,이효리 (Lee Hyori) - 미쳐 (Going Crazy) MV ,,,,,,,,,,,,
https://www.youtube.com/watch?v=TT2WbP586Z0&index=443,,에릭남 (Eric Nam) - 우우 (Ooh Ooh) (Feat. 호야 of 인피니트) MV ,,,,,,,,,,,,
https://www.youtube.com/watch?v=4oLGNQMYcJ8&index=444,,[MV] LADIES' CODE(레이디스 코드) _ So Wonderful(쏘 원더풀) ,,,,,,,,,,,,
https://www.youtube.com/watch?v=1jGpAmfsGF0&index=445,,S.E.S - Oh My Love ,,,,,,,,,,,,
https://www.youtube.com/watch?v=oTwkcx0XSnI&index=446,,SHINee - 「Breaking News」Music Video (full ver.) ,,,,,,,,,,,,
https://www.youtube.com/watch?v=3UggIMs8pdE&index=447,,MBLAQ(엠블랙) - CRY M/V [HD] ,,,,,,,,,,,,
https://www.youtube.com/watch?v=qwHnHYPdSQI&index=448,,윤하 (Younha) - 우리가 헤어진 진짜 이유 (The Real Reason Why We Broke Up) MV ,,,,,,,,,,,,
https://www.youtube.com/watch?v=7v0rQ0A3Ukk&index=449,,Jung Yup - Why Did You Come Now FMV (I Hear Your Voice OST)[ENGSUB + Romanization + Hangul] ,,,,,,,,,,,,
https://www.youtube.com/watch?v=we9W7hAA47M&index=450,,김건모 - 잠 못 드는 밤 비는 내리고 (1992年) ,,,,,,,,,,,,
https://www.youtube.com/watch?v=K7J_0DDw2RU&index=451,,01. 죄(罪)와 벌(罰) [가사] ,,,,,,,,,,,,
https://www.youtube.com/watch?v=snDRVNBcc5g&index=452,,[MV] JJCC(제이제이씨씨) _ BingBingBing (Oneway) (빙빙빙) ,,,,,,,,,,,,
https://www.youtube.com/watch?v=uw1ZSSS4hjE&index=453,,"유지애(YooJiAe) ""Delight"" MV ",,,,,,,,,,,,
https://www.youtube.com/watch?v=x4eVFXT9eIw&index=454,,김종국(Kim Jong Kook) - 남자가 다 그렇지 뭐(Men Are All Like That) ,,,,,,,,,,,,
https://www.youtube.com/watch?v=i2aGvwlS11g&index=455,,"빅스(VIXX) With 옥상달빛 - 여자는 왜 (Girls, why?) Official Music Video ",,,,,,,,,,,,
https://www.youtube.com/watch?v=8CTvTtk8nig&index=456,,Beenzino - Nike Shoes (Feat. Dynamic Duo) ,,,,,,,,,,,,
https://www.youtube.com/watch?v=gNzgsVlR-R4&index=457,,[MP3] 07. Boyfriend - Love Style (Instrumental). ,,,,,,,,,,,,
https://www.youtube.com/watch?v=QQqwcpKlfIQ&index=458,,Girls' Generation (소녀시대)  - Baby Maybe (1080 HD) ,,,,,,,,,,,,
https://www.youtube.com/watch?v=OhuVWznRDDs&index=459,,2AM 'I Wonder If You Hurt Like Me' MV ,,,,,,,,,,,,
https://www.youtube.com/watch?v=xz6A77790J4&index=460,,코요태 (KOYOTE)- 스키장에서 [ At Skiing Ground ](White Love) ,,,,,,,,,,,,
https://www.youtube.com/watch?v=aRB52CUcsuY&index=461,,Super Junior Sorry Sorry & It's You ft. SNSD ,,,,,,,,,,,,
https://www.youtube.com/watch?v=C9GqA2veVH4&index=462,,SPICA(스피카) _ LONELY MV ,,,,,,,,,,,,
https://www.youtube.com/watch?v=ompCZtq-Ozk&index=463,,VIXX - Beautiful Killer [Hangul/Romanization/English] Color & Picture Coded HD ,,,,,,,,,,,,
https://www.youtube.com/watch?v=t5wO8ejwVRI&index=464,,G.NA - TOP GIRL ,,,,,,,,,,,,
https://www.youtube.com/watch?v=i3XsfcZoq34&index=465,,Girls' Generation - Not Alone (Audio) ,,,,,,,,,,,,
https://www.youtube.com/watch?v=lLY1v00NtAE&index=466,,Girl`s Day (걸스데이) - Summer Party (Intro) (Feat. David Kim) [Mini Album - Girl's Day Everyday #4] ,,,,,,,,,,,,
https://www.youtube.com/watch?v=cuBNJNl9iK8&index=467,,Baek Ayeon With Tiffany & Taeyeon [Lady Marmalade Special] @KPOPSTAR 20120422 ,,,,,,,,,,,,
https://www.youtube.com/watch?v=i6nK2_N5-zo&index=468,,Infinite H ft. Baby Soul- Crying lyrics [Eng. | Rom. | Han.] ,,,,,,,,,,,,
https://www.youtube.com/watch?v=ffxo-vK_5xc&index=469,,이종현 (CNBLUE) & 주니엘 (JUNIEL) - 사랑이 내려 (Love Falls) MV ,,,,,,,,,,,,
https://www.youtube.com/watch?v=F1XIbP3JJXg&index=470,,"Kim Gun-mo - I'm sorry, 김건모 - 미안해요, Music Camp 20010609 ",,,,,,,,,,,,
https://www.youtube.com/watch?v=xqvdj0Fl_MY&index=471,,[M/V]레인보우(Rainbow) - TO ME(내게로..) ,,,,,,,,,,,,
https://www.youtube.com/watch?v=RzSdZy3yBMQ&index=472,,KARA HARA(구하라) - SECRET LOVE (시크릿 러브) ,,,,,,,,,,,,
https://www.youtube.com/watch?v=IVwToocP7Dc&index=473,,"J.Y. Park(박진영) - 사랑이 제일 낫더라(with 남궁송옥, 개코 of Dynamic Duo) ",,,,,,,,,,,,
https://www.youtube.com/watch?v=aqF3qmxv-H8&index=474,,[M/V]KARA 미니1집 ROCK U ,,,,,,,,,,,,
https://www.youtube.com/watch?v=PomHDmoqr3U&index=475,,[FULL] 2NE1-Pretty Boy ,,,,,,,,,,,,
https://www.youtube.com/watch?v=AXB1LyeVzMQ&index=476,,Lee Soo Young - Lala MV ,,,,,,,,,,,,
https://www.youtube.com/watch?v=1zUE8BhMHBE&index=477,,NU'EST(뉴이스트) _ Not Over You MV ,,,,,,,,,,,,
https://www.youtube.com/watch?v=Ld95rZy27hI&index=478,,SHINee - JAPAN DEBUT SINGLE 「Replay -君は僕のeverything-」Music Video ,,,,,,,,,,,,
https://www.youtube.com/watch?v=lAdabIfmtgk&index=479,,쥬얼리[JEWELRY] 핫앤콜드(Hot&Cold) MV. (with Hyung Sik of ZE:A) ,,,,,,,,,,,,
https://www.youtube.com/watch?v=B0hi6u_oll0&index=480,,C-Clown - 멀어질까봐 Young Love ,,,,,,,,,,,,
https://www.youtube.com/watch?v=RphbaMI3ams&index=481,,[MV] Gary(개리)(LeeSSang) _ ZOTTO MOLA(XX몰라) ,,,,,,,,,,,,
https://www.youtube.com/watch?v=9PslH9FYQQg&index=482,,[MV] NC.A(앤씨아) _ I'm different(난 좀 달라) ,,,,,,,,,,,,
https://www.youtube.com/watch?v=C77umpKoc_w&index=483,,Bye Bye Sea (안녕바다) - BEAUTIFUL DANCE ,,,,,,,,,,,,
https://www.youtube.com/watch?v=OCK5FX0Y-7A&index=484,,SuperJunior-Happy 슈퍼주니어-해피_COOKING? COOKING!(요리왕)_MUSIC VIDEO ,,,,,,,,,,,,
https://www.youtube.com/watch?v=s1pNnvXMHBI&index=485,,TEEN TOP(틴탑)_I wanna love(사랑하고 싶어) MV ,,,,,,,,,,,,
https://www.youtube.com/watch?v=mjdJIK2-2zM&index=486,,See Ya - Crazy Love Song [FULL] ,,,,,,,,,,,,
https://www.youtube.com/watch?v=U_tLeV0F_1Q&index=487,,[Deleted Video] ,,,,,,,,,,,,
https://www.youtube.com/watch?v=pbzwecIT2nw&index=488,,김성규 Kim Sung Kyu 'I Need You' Music video ,,,,,,,,,,,,
https://www.youtube.com/watch?v=tGSRuAzirZw&index=489,,Orange CaramelLipstick japanese version ,,,,,,,,,,,,
https://www.youtube.com/watch?v=Pmut7T0Q27k&index=490,,SHINee 샤이니_RingDingDong(링딩동)_MUSIC VIDEO ,,,,,,,,,,,,
https://www.youtube.com/watch?v=ANE5j1zUExU&index=491,,점점(2002) ,,,,,,,,,,,,
https://www.youtube.com/watch?v=MufvIGSuPj4&index=492,,Park Shin Hye ft.  Yong Jun Hyung of BEAST - My Dear MV HD k-pop [german sub] ,,,,,,,,,,,,
https://www.youtube.com/watch?v=s15ez6HXVY0&index=493,,[HQ] 15& - I Dream [AUDIO] ,,,,,,,,,,,,
https://www.youtube.com/watch?v=VOud7M_qzGk&index=494,,PSY - WE ARE THE ONE M/V ,,,,,,,,,,,,
https://www.youtube.com/watch?v=Bpuk6wY4Q1s&index=495,,[Deleted Video] ,,,,,,,,,,,,
https://www.youtube.com/watch?v=0AvpdSyZcAo&index=496,,Wa$$up - Nom Nom Nom ,,,,,,,,,,,,
https://www.youtube.com/watch?v=S7f2DISpkw0&index=497,,Seven ft. T.O.P - digital bounce ,,,,,,,,,,,,
https://www.youtube.com/watch?v=Xt11kOEhOMc&index=498,,엠블랙(MBLAQ) - Y ,,,,,,,,,,,,
https://www.youtube.com/watch?v=FH__y5TsQ14&index=499,,송지은 (Song ji eun of SECRET) - 추워요 (부탁해요 캡틴 OST PART 2) M/V ,,,,,,,,,,,,
https://www.youtube.com/watch?v=187oF0LI5QQ&index=500,,EvoL(이블) _ We are a bit different(우린 좀 달라) MV ,,,,,,,,,,,,
,,,,,,,,,,,,,,
https://www.www.youtube.com/watch?v=q6f-LLM1H6U,AOA,AOA - 짧은 치마 (Miniskirt) M/V,Mini Skirt,,,10,1,,,,,,,
https://www.www.youtube.com/watch?v=N5wzkQvzp4c,AOA,AOA - 단발머리 (Short Hair) M/V,Short Hair,,,8,4,,,,,,,